Employee #,Date,Time-in,Time-out
10001,01/09/2022,8:00,17:00
10002,01/09/2022,8:00,17:00
10003,01/09/2022,8:00,17:00
10004,01/09/2022,8:00,17:00
10005,01/09/2022,8:00,17:00
10006,01/09/2022,8:00,17:00
10007,01/09/2022,8:27,17:00
10008,01/09/2022,8:01,17:00
10009,01/09/2022,8:05,17:00
10010,01/09/2022,8:00,17:00
10011,01/09/2022,8:00,17:00
10012,01/09/2022,8:00,17:00
10013,01/09/2022,8:00,17:00
10014,01/09/2022,8:00,17:00
10015,01/09/2022,8:00,17:00
10016,01/09/2022,8:28,17:00
10017,01/09/2022,8:00,17:00
10018,01/09/2022,8:00,17:00
10019,01/09/2022,8:00,17:00
10020,01/09/2022,8:00,17:00
10021,01/09/2022,8:11,17:00
10022,01/09/2022,8:00,17:00
10023,01/09/2022,8:00,17:00
10024,01/09/2022,8:21,17:00
10025,01/09/2022,8:00,17:00
10001,02/09/2022,8:00,17:00
10002,02/09/2022,8:00,17:00
10003,02/09/2022,8:00,17:00
10004,02/09/2022,8:00,17:00
10005,02/09/2022,8:00,17:00
10006,02/09/2022,8:00,17:00
10007,02/09/2022,8:00,17:00
10008,02/09/2022,8:00,17:00
10009,02/09/2022,8:00,17:00
10010,02/09/2022,8:00,17:00
10011,02/09/2022,8:00,17:00
10012,02/09/2022,8:00,17:00
10013,02/09/2022,8:00,17:00
10014,02/09/2022,8:00,17:00
10015,02/09/2022,8:00,17:00
10016,02/09/2022,8:00,17:00
10017,02/09/2022,8:00,17:00
10018,02/09/2022,8:00,17:00
10019,02/09/2022,8:00,17:00
10020,02/09/2022,8:00,17:00
10021,02/09/2022,8:00,17:00
10022,02/09/2022,8:00,17:00
10023,02/09/2022,8:00,17:00
10024,02/09/2022,8:00,17:00
10025,02/09/2022,8:00,17:00
10001,05/09/2022,8:00,17:00
10002,05/09/2022,8:00,17:00
10003,05/09/2022,8:00,17:00
10004,05/09/2022,8:00,17:00
10005,05/09/2022,8:15,17:00
10006,05/09/2022,8:00,17:00
10007,05/09/2022,8:00,17:00
10008,05/09/2022,8:00,17:00
10009,05/09/2022,8:00,17:00
10010,05/09/2022,8:00,17:00
10011,05/09/2022,10:30,17:00
10012,05/09/2022,8:00,17:00
10013,05/09/2022,8:00,17:00
10014,05/09/2022,8:00,17:00
10015,05/09/2022,8:00,17:00
10016,05/09/2022,8:00,17:00
10017,05/09/2022,8:00,17:00
10018,05/09/2022,8:00,17:00
10019,05/09/2022,8:00,17:00
10020,05/09/2022,8:00,17:00
10021,05/09/2022,13:00,17:00
10022,05/09/2022,8:00,17:00
10023,05/09/2022,8:00,17:00
10024,05/09/2022,8:00,17:00
10025,05/09/2022,8:00,17:00
10001,06/09/2022,8:00,17:00
10002,06/09/2022,8:00,17:00
10003,06/09/2022,11:30,17:00
10004,06/09/2022,8:00,17:00
10005,06/09/2022,8:00,17:00
10006,06/09/2022,8:00,17:00
10007,06/09/2022,8:00,17:00
10008,06/09/2022,8:10,17:00
10009,06/09/2022,0:00,0:00
10010,06/09/2022,8:00,17:00
10011,06/09/2022,8:00,17:00
10012,06/09/2022,8:00,17:00
10013,06/09/2022,8:00,17:00
10014,06/09/2022,8:00,17:00
10015,06/09/2022,8:00,17:00
10016,06/09/2022,8:00,17:00
10017,06/09/2022,8:05,17:00
10018,06/09/2022,8:00,17:00
10019,06/09/2022,8:00,17:00
10020,06/09/2022,8:00,17:00
10021,06/09/2022,8:00,17:00
10022,06/09/2022,8:00,17:00
10023,06/09/2022,9:00,17:00
10024,06/09/2022,8:00,17:00
10025,06/09/2022,8:00,17:00
10001,07/09/2022,8:00,17:00
10002,07/09/2022,8:00,17:00
10003,07/09/2022,8:00,17:00
10004,07/09/2022,8:00,17:00
10005,07/09/2022,8:00,17:00
10006,07/09/2022,8:00,17:00
10007,07/09/2022,8:00,17:00
10008,07/09/2022,8:00,17:00
10009,07/09/2022,0:00,0:00
10010,07/09/2022,8:00,17:00
10011,07/09/2022,8:00,17:00
10012,07/09/2022,8:00,17:00
10013,07/09/2022,8:00,17:00
10014,07/09/2022,8:00,17:00
10015,07/09/2022,8:00,17:00
10016,07/09/2022,8:00,17:00
10017,07/09/2022,8:00,17:00
10018,07/09/2022,8:00,17:00
10019,07/09/2022,8:00,17:00
10020,07/09/2022,8:00,17:00
10021,07/09/2022,8:00,17:00
10022,07/09/2022,8:00,17:00
10023,07/09/2022,8:00,17:00
10024,07/09/2022,8:00,17:00
10025,07/09/2022,8:00,17:00
10001,08/09/2022,8:00,17:00
10002,08/09/2022,8:00,17:00
10003,08/09/2022,8:00,17:00
10004,08/09/2022,8:00,17:00
10005,08/09/2022,8:00,17:00
10006,08/09/2022,8:00,17:00
10007,08/09/2022,8:00,17:00
10008,08/09/2022,8:00,17:00
10009,08/09/2022,0:00,0:00
10010,08/09/2022,8:00,17:00
10011,08/09/2022,8:00,17:00
10012,08/09/2022,8:00,17:00
10013,08/09/2022,10:00,17:00
10014,08/09/2022,10:00,17:00
10015,08/09/2022,10:00,17:00
10016,08/09/2022,10:00,17:00
10017,08/09/2022,10:00,17:00
10018,08/09/2022,10:00,17:00
10019,08/09/2022,10:00,17:00
10020,08/09/2022,10:00,17:00
10021,08/09/2022,10:00,17:00
10022,08/09/2022,10:00,17:00
10023,08/09/2022,10:00,17:00
10024,08/09/2022,10:00,17:00
10025,08/09/2022,10:00,17:00
10001,09/09/2022,8:00,17:00
10002,09/09/2022,8:00,17:00
10003,09/09/2022,8:00,17:00
10004,09/09/2022,8:00,17:00
10005,09/09/2022,8:00,17:00
10006,09/09/2022,8:00,17:00
10007,09/09/2022,8:00,17:00
10008,09/09/2022,8:00,17:00
10009,09/09/2022,0:00,0:00
10010,09/09/2022,8:00,17:00
10011,09/09/2022,8:00,17:00
10012,09/09/2022,8:00,17:00
10013,09/09/2022,8:00,17:00
10014,09/09/2022,8:00,17:00
10015,09/09/2022,8:00,17:00
10016,09/09/2022,8:00,17:00
10017,09/09/2022,8:00,17:00
10018,09/09/2022,8:00,17:00
10019,09/09/2022,8:00,17:00
10020,09/09/2022,8:00,17:00
10021,09/09/2022,8:00,17:00
10022,09/09/2022,8:00,17:00
10023,09/09/2022,8:00,17:00
10024,09/09/2022,8:00,17:00
10025,09/09/2022,8:00,17:00
10001,12/09/2022,8:00,17:00
10002,12/09/2022,8:00,17:00
10003,12/09/2022,8:00,17:00
10004,12/09/2022,8:00,17:00
10005,12/09/2022,8:00,17:00
10006,12/09/2022,8:00,17:00
10007,12/09/2022,8:27,17:00
10008,12/09/2022,8:01,17:00
10009,12/09/2022,0:00,0:00
10010,12/09/2022,8:00,17:00
10011,12/09/2022,8:00,17:00
10012,12/09/2022,8:00,17:00
10013,12/09/2022,8:00,17:00
10014,12/09/2022,8:00,17:00
10015,12/09/2022,8:00,17:00
10016,12/09/2022,8:28,17:00
10017,12/09/2022,8:00,17:00
10018,12/09/2022,8:00,17:00
10019,12/09/2022,8:00,17:00
10020,12/09/2022,8:00,17:00
10021,12/09/2022,8:11,17:00
10022,12/09/2022,8:00,17:00
10023,12/09/2022,8:00,17:00
10024,12/09/2022,8:21,17:00
10025,12/09/2022,8:00,17:00
10001,13/09/2022,8:00,17:00
10002,13/09/2022,8:00,17:00
10003,13/09/2022,8:00,17:00
10004,13/09/2022,8:00,17:00
10005,13/09/2022,8:00,17:00
10006,13/09/2022,8:00,17:00
10007,13/09/2022,8:00,17:00
10008,13/09/2022,8:00,17:00
10009,13/09/2022,8:00,17:00
10010,13/09/2022,8:00,17:00
10011,13/09/2022,8:00,17:00
10012,13/09/2022,8:00,17:00
10013,13/09/2022,8:00,17:00
10014,13/09/2022,8:00,17:00
10015,13/09/2022,8:00,17:00
10016,13/09/2022,8:00,17:00
10017,13/09/2022,0:00,0:00
10018,13/09/2022,8:00,17:00
10019,13/09/2022,8:00,17:00
10020,13/09/2022,8:00,17:00
10021,13/09/2022,8:00,17:00
10022,13/09/2022,8:00,17:00
10023,13/09/2022,8:00,17:00
10024,13/09/2022,8:00,17:00
10025,13/09/2022,8:00,17:00
10001,14/09/2022,8:00,17:00
10002,14/09/2022,8:00,17:00
10003,14/09/2022,8:00,17:00
10004,14/09/2022,8:00,17:00
10005,14/09/2022,8:15,17:00
10006,14/09/2022,8:00,17:00
10007,14/09/2022,8:00,17:00
10008,14/09/2022,8:00,17:00
10009,14/09/2022,8:00,17:00
10010,14/09/2022,8:00,17:00
10011,14/09/2022,10:30,17:00
10012,14/09/2022,8:00,17:00
10013,14/09/2022,8:00,17:00
10014,14/09/2022,8:00,17:00
10015,14/09/2022,8:00,17:00
10016,14/09/2022,8:00,17:00
10017,14/09/2022,8:00,17:00
10018,14/09/2022,8:00,17:00
10019,14/09/2022,8:00,17:00
10020,14/09/2022,8:00,17:00
10021,14/09/2022,13:00,17:00
10022,14/09/2022,8:00,17:00
10023,14/09/2022,8:00,17:00
10024,14/09/2022,8:00,17:00
10025,14/09/2022,8:00,17:00
10001,15/09/2022,8:00,17:00
10002,15/09/2022,8:00,17:00
10003,15/09/2022,11:30,17:00
10004,15/09/2022,8:00,17:00
10005,15/09/2022,8:00,17:00
10006,15/09/2022,8:00,17:00
10007,15/09/2022,8:00,17:00
10008,15/09/2022,8:10,17:00
10009,15/09/2022,8:00,17:00
10010,15/09/2022,8:00,17:00
10011,15/09/2022,8:00,17:00
10012,15/09/2022,8:00,17:00
10013,15/09/2022,8:00,17:00
10014,15/09/2022,8:00,17:00
10015,15/09/2022,8:00,17:00
10016,15/09/2022,8:00,17:00
10017,15/09/2022,8:05,17:00
10018,15/09/2022,8:00,17:00
10019,15/09/2022,8:00,17:00
10020,15/09/2022,8:00,17:00
10021,15/09/2022,8:00,17:00
10022,15/09/2022,8:00,17:00
10023,15/09/2022,9:00,17:00
10024,15/09/2022,0:00,0:00
10025,15/09/2022,8:00,17:00
10001,16/09/2022,8:00,17:00
10002,16/09/2022,8:00,17:00
10003,16/09/2022,8:00,17:00
10004,16/09/2022,8:00,17:00
10005,16/09/2022,8:00,17:00
10006,16/09/2022,8:00,17:00
10007,16/09/2022,8:00,17:00
10008,16/09/2022,8:00,17:00
10009,16/09/2022,8:00,17:00
10010,16/09/2022,8:00,17:00
10011,16/09/2022,8:00,17:00
10012,16/09/2022,8:00,17:00
10013,16/09/2022,8:00,17:00
10014,16/09/2022,8:00,17:00
10015,16/09/2022,8:00,17:00
10016,16/09/2022,8:00,17:00
10017,16/09/2022,8:00,17:00
10018,16/09/2022,8:00,17:00
10019,16/09/2022,8:00,17:00
10020,16/09/2022,8:00,17:00
10021,16/09/2022,8:00,17:00
10022,16/09/2022,8:00,17:00
10023,16/09/2022,8:00,17:00
10024,16/09/2022,8:00,17:00
10025,16/09/2022,8:00,17:00
10001,19/09/2022,8:00,17:00
10002,19/09/2022,8:00,17:00
10003,19/09/2022,8:00,17:00
10004,19/09/2022,8:00,17:00
10005,19/09/2022,8:00,17:00
10006,19/09/2022,8:00,17:00
10007,19/09/2022,8:00,17:00
10008,19/09/2022,8:00,17:00
10009,19/09/2022,8:00,17:00
10010,19/09/2022,8:00,17:00
10011,19/09/2022,8:00,17:00
10012,19/09/2022,8:00,17:00
10013,19/09/2022,10:00,17:00
10014,19/09/2022,10:00,17:00
10015,19/09/2022,10:00,17:00
10016,19/09/2022,10:00,17:00
10017,19/09/2022,0:00,0:00
10018,19/09/2022,10:00,17:00
10019,19/09/2022,10:00,17:00
10020,19/09/2022,10:00,17:00
10021,19/09/2022,10:00,17:00
10022,19/09/2022,10:00,17:00
10023,19/09/2022,10:00,17:00
10024,19/09/2022,10:00,17:00
10025,19/09/2022,10:00,17:00
10001,20/09/2022,8:00,17:00
10002,20/09/2022,8:00,17:00
10003,20/09/2022,8:00,17:00
10004,20/09/2022,8:00,17:00
10005,20/09/2022,8:00,17:00
10006,20/09/2022,8:00,17:00
10007,20/09/2022,8:00,17:00
10008,20/09/2022,8:00,17:00
10009,20/09/2022,8:00,17:00
10010,20/09/2022,8:00,17:00
10011,20/09/2022,8:00,17:00
10012,20/09/2022,8:00,17:00
10013,20/09/2022,8:00,17:00
10014,20/09/2022,8:00,17:00
10015,20/09/2022,8:00,17:00
10016,20/09/2022,8:00,17:00
10017,20/09/2022,8:00,17:00
10018,20/09/2022,0:00,0:00
10019,20/09/2022,8:00,17:00
10020,20/09/2022,8:00,17:00
10021,20/09/2022,8:00,17:00
10022,20/09/2022,8:00,17:00
10023,20/09/2022,8:00,17:00
10024,20/09/2022,8:00,17:00
10025,20/09/2022,8:00,17:00
10001,21/09/2022,8:00,17:00
10002,21/09/2022,8:00,17:00
10003,21/09/2022,8:00,17:00
10004,21/09/2022,8:00,17:00
10005,21/09/2022,8:00,17:00
10006,21/09/2022,8:00,17:00
10007,21/09/2022,8:27,17:00
10008,21/09/2022,8:01,17:00
10009,21/09/2022,8:05,17:00
10010,21/09/2022,8:00,17:00
10011,21/09/2022,8:00,17:00
10012,21/09/2022,8:00,17:00
10013,21/09/2022,8:00,17:00
10014,21/09/2022,8:00,17:00
10015,21/09/2022,8:00,17:00
10016,21/09/2022,8:28,17:00
10017,21/09/2022,8:00,17:00
10018,21/09/2022,0:00,0:00
10019,21/09/2022,8:00,17:00
10020,21/09/2022,8:00,17:00
10021,21/09/2022,8:11,17:00
10022,21/09/2022,8:00,17:00
10023,21/09/2022,8:00,17:00
10024,21/09/2022,8:21,17:00
10025,21/09/2022,8:00,17:00
10001,22/09/2022,8:00,17:00
10002,22/09/2022,8:00,17:00
10003,22/09/2022,8:00,17:00
10004,22/09/2022,8:00,17:00
10005,22/09/2022,8:00,17:00
10006,22/09/2022,8:00,17:00
10007,22/09/2022,8:00,17:00
10008,22/09/2022,8:00,17:00
10009,22/09/2022,8:00,17:00
10010,22/09/2022,8:00,17:00
10011,22/09/2022,8:00,17:00
10012,22/09/2022,8:00,17:00
10013,22/09/2022,8:00,17:00
10014,22/09/2022,8:00,17:00
10015,22/09/2022,8:00,17:00
10016,22/09/2022,8:00,17:00
10017,22/09/2022,8:00,17:00
10018,22/09/2022,8:00,17:00
10019,22/09/2022,8:00,17:00
10020,22/09/2022,8:00,17:00
10021,22/09/2022,8:00,17:00
10022,22/09/2022,8:00,17:00
10023,22/09/2022,8:00,17:00
10024,22/09/2022,8:00,17:00
10025,22/09/2022,8:00,17:00
10001,23/09/2022,8:00,17:00
10002,23/09/2022,8:00,17:00
10003,23/09/2022,8:00,17:00
10004,23/09/2022,8:00,17:00
10005,23/09/2022,8:15,17:00
10006,23/09/2022,8:00,17:00
10007,23/09/2022,8:00,17:00
10008,23/09/2022,8:00,17:00
10009,23/09/2022,8:00,17:00
10010,23/09/2022,8:00,17:00
10011,23/09/2022,10:30,17:00
10012,23/09/2022,8:00,17:00
10013,23/09/2022,8:00,17:00
10014,23/09/2022,8:00,17:00
10015,23/09/2022,8:00,17:00
10016,23/09/2022,8:00,17:00
10017,23/09/2022,8:00,17:00
10018,23/09/2022,8:00,17:00
10019,23/09/2022,8:00,17:00
10020,23/09/2022,8:00,17:00
10021,23/09/2022,13:00,17:00
10022,23/09/2022,8:00,17:00
10023,23/09/2022,8:00,17:00
10024,23/09/2022,8:00,17:00
10025,23/09/2022,8:00,17:00
10001,26/09/2022,8:00,17:00
10002,26/09/2022,8:00,17:00
10003,26/09/2022,11:30,17:00
10004,26/09/2022,8:00,17:00
10005,26/09/2022,8:00,17:00
10006,26/09/2022,8:00,17:00
10007,26/09/2022,8:00,17:00
10008,26/09/2022,8:10,17:00
10009,26/09/2022,8:00,17:00
10010,26/09/2022,8:00,17:00
10011,26/09/2022,8:00,17:00
10012,26/09/2022,8:00,17:00
10013,26/09/2022,8:00,17:00
10014,26/09/2022,8:00,17:00
10015,26/09/2022,8:00,17:00
10016,26/09/2022,8:00,17:00
10017,26/09/2022,8:05,17:00
10018,26/09/2022,8:00,17:00
10019,26/09/2022,8:00,17:00
10020,26/09/2022,8:00,17:00
10021,26/09/2022,8:00,17:00
10022,26/09/2022,8:00,17:00
10023,26/09/2022,9:00,17:00
10024,26/09/2022,8:00,17:00
10025,26/09/2022,8:00,17:00
10001,27/09/2022,8:00,17:00
10002,27/09/2022,8:00,17:00
10003,27/09/2022,8:00,17:00
10004,27/09/2022,8:00,17:00
10005,27/09/2022,8:00,17:00
10006,27/09/2022,8:00,17:00
10007,27/09/2022,8:00,17:00
10008,27/09/2022,8:00,17:00
10009,27/09/2022,8:00,17:00
10010,27/09/2022,8:00,17:00
10011,27/09/2022,8:00,17:00
10012,27/09/2022,8:00,17:00
10013,27/09/2022,8:00,17:00
10014,27/09/2022,8:00,17:00
10015,27/09/2022,8:00,17:00
10016,27/09/2022,8:00,17:00
10017,27/09/2022,0:00,0:00
10018,27/09/2022,8:00,17:00
10019,27/09/2022,8:00,17:00
10020,27/09/2022,8:00,17:00
10021,27/09/2022,8:00,17:00
10022,27/09/2022,8:00,17:00
10023,27/09/2022,8:00,17:00
10024,27/09/2022,8:00,17:00
10025,27/09/2022,8:00,17:00
10001,28/09/2022,8:00,17:00
10002,28/09/2022,8:00,17:00
10003,28/09/2022,8:00,17:00
10004,28/09/2022,8:00,17:00
10005,28/09/2022,8:00,17:00
10006,28/09/2022,8:00,17:00
10007,28/09/2022,8:00,17:00
10008,28/09/2022,8:00,17:00
10009,28/09/2022,8:00,17:00
10010,28/09/2022,8:00,17:00
10011,28/09/2022,8:00,17:00
10012,28/09/2022,8:00,17:00
10013,28/09/2022,10:00,17:00
10014,28/09/2022,10:00,17:00
10015,28/09/2022,10:00,17:00
10016,28/09/2022,10:00,17:00
10017,28/09/2022,10:00,17:00
10018,28/09/2022,10:00,17:00
10019,28/09/2022,10:00,17:00
10020,28/09/2022,10:00,17:00
10021,28/09/2022,10:00,17:00
10022,28/09/2022,10:00,17:00
10023,28/09/2022,10:00,17:00
10024,28/09/2022,10:00,17:00
10025,28/09/2022,10:00,17:00
10001,29/09/2022,8:00,17:00
10002,29/09/2022,8:00,17:00
10003,29/09/2022,8:00,17:00
10004,29/09/2022,8:00,17:00
10005,29/09/2022,8:00,17:00
10006,29/09/2022,8:00,17:00
10007,29/09/2022,8:00,17:00
10008,29/09/2022,8:00,17:00
10009,29/09/2022,8:00,17:00
10010,29/09/2022,8:00,17:00
10011,29/09/2022,8:00,17:00
10012,29/09/2022,8:00,17:00
10013,29/09/2022,8:00,17:00
10014,29/09/2022,8:00,17:00
10015,29/09/2022,8:00,17:00
10016,29/09/2022,8:00,17:00
10017,29/09/2022,8:00,17:00
10018,29/09/2022,8:00,17:00
10019,29/09/2022,8:00,17:00
10020,29/09/2022,8:00,17:00
10021,29/09/2022,8:00,17:00
10022,29/09/2022,8:00,17:00
10023,29/09/2022,8:00,17:00
10024,29/09/2022,8:00,17:00
10025,29/09/2022,8:00,17:00
10001,30/09/2022,8:00,17:00
10002,30/09/2022,8:00,17:00
10003,30/09/2022,8:00,17:00
10004,30/09/2022,8:00,17:00
10005,30/09/2022,8:00,17:00
10006,30/09/2022,8:00,17:00
10007,30/09/2022,8:27,17:00
10008,30/09/2022,8:01,17:00
10009,30/09/2022,8:05,17:00
10010,30/09/2022,8:00,17:00
10011,30/09/2022,8:00,17:00
10012,30/09/2022,8:00,17:00
10013,30/09/2022,8:00,17:00
10014,30/09/2022,8:00,17:00
10015,30/09/2022,8:00,17:00
10016,30/09/2022,8:28,17:00
10017,30/09/2022,8:00,17:00
10018,30/09/2022,8:00,17:00
10019,30/09/2022,8:00,17:00
10020,30/09/2022,8:00,17:00
10021,30/09/2022,8:11,17:00
10022,30/09/2022,8:00,17:00
10023,30/09/2022,8:00,17:00
10024,30/09/2022,8:21,17:00
10025,30/09/2022,8:00,17:00
10001,03/10/2022,8:00,17:00
10002,03/10/2022,8:00,17:00
10003,03/10/2022,8:00,17:00
10004,03/10/2022,8:00,17:00
10005,03/10/2022,8:00,17:00
10006,03/10/2022,8:00,17:00
10007,03/10/2022,8:00,17:00
10008,03/10/2022,8:00,17:00
10009,03/10/2022,8:00,17:00
10010,03/10/2022,8:00,17:00
10011,03/10/2022,8:00,17:00
10012,03/10/2022,8:00,17:00
10013,03/10/2022,8:00,17:00
10014,03/10/2022,8:00,17:00
10015,03/10/2022,8:00,17:00
10016,03/10/2022,8:00,17:00
10017,03/10/2022,8:00,17:00
10018,03/10/2022,8:00,17:00
10019,03/10/2022,8:00,17:00
10020,03/10/2022,8:00,17:00
10021,03/10/2022,8:00,17:00
10022,03/10/2022,8:00,17:00
10023,03/10/2022,8:00,17:00
10024,03/10/2022,8:00,17:00
10025,03/10/2022,8:00,17:00
10001,04/10/2022,8:00,17:00
10002,04/10/2022,8:00,17:00
10003,04/10/2022,8:00,17:00
10004,04/10/2022,8:00,17:00
10005,04/10/2022,8:15,17:00
10006,04/10/2022,8:00,17:00
10007,04/10/2022,8:00,17:00
10008,04/10/2022,8:00,17:00
10009,04/10/2022,8:00,17:00
10010,04/10/2022,8:00,17:00
10011,04/10/2022,10:30,17:00
10012,04/10/2022,8:00,17:00
10013,04/10/2022,8:00,17:00
10014,04/10/2022,8:00,17:00
10015,04/10/2022,8:00,17:00
10016,04/10/2022,8:00,17:00
10017,04/10/2022,8:00,17:00
10018,04/10/2022,8:00,17:00
10019,04/10/2022,8:00,17:00
10020,04/10/2022,8:00,17:00
10021,04/10/2022,13:00,17:00
10022,04/10/2022,8:00,17:00
10023,04/10/2022,8:00,17:00
10024,04/10/2022,8:00,17:00
10025,04/10/2022,8:00,17:00
10001,05/10/2022,8:00,17:00
10002,05/10/2022,8:00,17:00
10003,05/10/2022,11:30,17:00
10004,05/10/2022,8:00,17:00
10005,05/10/2022,8:00,17:00
10006,05/10/2022,8:00,17:00
10007,05/10/2022,8:00,17:00
10008,05/10/2022,8:10,17:00
10009,05/10/2022,0:00,0:00
10010,05/10/2022,8:00,17:00
10011,05/10/2022,8:00,17:00
10012,05/10/2022,8:00,17:00
10013,05/10/2022,8:00,17:00
10014,05/10/2022,8:00,17:00
10015,05/10/2022,8:00,17:00
10016,05/10/2022,8:00,17:00
10017,05/10/2022,8:05,17:00
10018,05/10/2022,8:00,17:00
10019,05/10/2022,8:00,17:00
10020,05/10/2022,8:00,17:00
10021,05/10/2022,8:00,17:00
10022,05/10/2022,8:00,17:00
10023,05/10/2022,9:00,17:00
10024,05/10/2022,8:00,17:00
10025,05/10/2022,8:00,17:00
10001,06/10/2022,8:00,17:00
10002,06/10/2022,8:00,17:00
10003,06/10/2022,8:00,17:00
10004,06/10/2022,8:00,17:00
10005,06/10/2022,8:00,17:00
10006,06/10/2022,8:00,17:00
10007,06/10/2022,8:00,17:00
10008,06/10/2022,8:00,17:00
10009,06/10/2022,8:00,17:00
10010,06/10/2022,8:00,17:00
10011,06/10/2022,8:00,17:00
10012,06/10/2022,8:00,17:00
10013,06/10/2022,8:00,17:00
10014,06/10/2022,8:00,17:00
10015,06/10/2022,8:00,17:00
10016,06/10/2022,8:00,17:00
10017,06/10/2022,8:00,17:00
10018,06/10/2022,8:00,17:00
10019,06/10/2022,8:00,17:00
10020,06/10/2022,8:00,17:00
10021,06/10/2022,8:00,17:00
10022,06/10/2022,8:00,17:00
10023,06/10/2022,8:00,17:00
10024,06/10/2022,8:00,17:00
10025,06/10/2022,8:00,17:00
10001,07/10/2022,8:00,17:00
10002,07/10/2022,8:00,17:00
10003,07/10/2022,8:00,17:00
10004,07/10/2022,8:00,17:00
10005,07/10/2022,8:00,17:00
10006,07/10/2022,8:00,17:00
10007,07/10/2022,8:00,17:00
10008,07/10/2022,8:00,17:00
10009,07/10/2022,8:00,17:00
10010,07/10/2022,8:00,17:00
10011,07/10/2022,8:00,17:00
10012,07/10/2022,8:00,17:00
10013,07/10/2022,10:00,17:00
10014,07/10/2022,0:00,0:00
10015,07/10/2022,10:00,17:00
10016,07/10/2022,10:00,17:00
10017,07/10/2022,10:00,17:00
10018,07/10/2022,10:00,17:00
10019,07/10/2022,10:00,17:00
10020,07/10/2022,10:00,17:00
10021,07/10/2022,10:00,17:00
10022,07/10/2022,10:00,17:00
10023,07/10/2022,10:00,17:00
10024,07/10/2022,10:00,17:00
10025,07/10/2022,10:00,17:00
10001,10/10/2022,8:00,17:00
10002,10/10/2022,8:00,17:00
10003,10/10/2022,8:00,17:00
10004,10/10/2022,8:00,17:00
10005,10/10/2022,8:00,17:00
10006,10/10/2022,8:00,17:00
10007,10/10/2022,8:00,17:00
10008,10/10/2022,8:00,17:00
10009,10/10/2022,8:00,17:00
10010,10/10/2022,8:00,17:00
10011,10/10/2022,8:00,17:00
10012,10/10/2022,8:00,17:00
10013,10/10/2022,8:00,17:00
10014,10/10/2022,8:00,17:00
10015,10/10/2022,8:00,17:00
10016,10/10/2022,8:00,17:00
10017,10/10/2022,8:00,17:00
10018,10/10/2022,8:00,17:00
10019,10/10/2022,8:00,17:00
10020,10/10/2022,8:00,17:00
10021,10/10/2022,8:00,17:00
10022,10/10/2022,8:00,17:00
10023,10/10/2022,8:00,17:00
10024,10/10/2022,8:00,17:00
10025,10/10/2022,8:00,17:00
10001,11/10/2022,8:00,17:00
10002,11/10/2022,8:00,17:00
10003,11/10/2022,8:00,17:00
10004,11/10/2022,8:00,17:00
10005,11/10/2022,8:00,17:00
10006,11/10/2022,8:00,17:00
10007,11/10/2022,8:27,17:00
10008,11/10/2022,8:01,17:00
10009,11/10/2022,8:05,17:00
10010,11/10/2022,0:00,0:00
10011,11/10/2022,8:00,17:00
10012,11/10/2022,8:00,17:00
10013,11/10/2022,8:00,17:00
10014,11/10/2022,8:00,17:00
10015,11/10/2022,8:00,17:00
10016,11/10/2022,8:28,17:00
10017,11/10/2022,8:00,17:00
10018,11/10/2022,8:00,17:00
10019,11/10/2022,8:00,17:00
10020,11/10/2022,8:00,17:00
10021,11/10/2022,8:11,17:00
10022,11/10/2022,8:00,17:00
10023,11/10/2022,8:00,17:00
10024,11/10/2022,8:21,17:00
10025,11/10/2022,8:00,17:00
10001,12/10/2022,8:00,17:00
10002,12/10/2022,8:00,17:00
10003,12/10/2022,8:00,17:00
10004,12/10/2022,8:00,17:00
10005,12/10/2022,8:00,17:00
10006,12/10/2022,8:00,17:00
10007,12/10/2022,8:00,17:00
10008,12/10/2022,8:00,17:00
10009,12/10/2022,8:00,17:00
10010,12/10/2022,8:00,17:00
10011,12/10/2022,8:00,17:00
10012,12/10/2022,8:00,17:00
10013,12/10/2022,8:00,17:00
10014,12/10/2022,8:00,17:00
10015,12/10/2022,8:00,17:00
10016,12/10/2022,8:00,17:00
10017,12/10/2022,8:00,17:00
10018,12/10/2022,8:00,17:00
10019,12/10/2022,8:00,17:00
10020,12/10/2022,8:00,17:00
10021,12/10/2022,8:00,17:00
10022,12/10/2022,8:00,17:00
10023,12/10/2022,8:00,17:00
10024,12/10/2022,8:00,17:00
10025,12/10/2022,8:00,17:00
10001,13/10/2022,8:00,17:00
10002,13/10/2022,8:00,17:00
10003,13/10/2022,8:00,17:00
10004,13/10/2022,8:00,17:00
10005,13/10/2022,8:15,17:00
10006,13/10/2022,8:00,17:00
10007,13/10/2022,8:00,17:00
10008,13/10/2022,8:00,17:00
10009,13/10/2022,8:00,17:00
10010,13/10/2022,8:00,17:00
10011,13/10/2022,10:30,17:00
10012,13/10/2022,8:00,17:00
10013,13/10/2022,8:00,17:00
10014,13/10/2022,8:00,17:00
10015,13/10/2022,8:00,17:00
10016,13/10/2022,8:00,17:00
10017,13/10/2022,8:00,17:00
10018,13/10/2022,8:00,17:00
10019,13/10/2022,8:00,17:00
10020,13/10/2022,8:00,17:00
10021,13/10/2022,13:00,17:00
10022,13/10/2022,8:00,17:00
10023,13/10/2022,8:00,17:00
10024,13/10/2022,8:00,17:00
10025,13/10/2022,8:00,17:00
10001,14/10/2022,8:00,17:00
10002,14/10/2022,8:00,17:00
10003,14/10/2022,11:30,17:00
10004,14/10/2022,8:00,17:00
10005,14/10/2022,8:00,17:00
10006,14/10/2022,8:00,17:00
10007,14/10/2022,8:00,17:00
10008,14/10/2022,8:10,17:00
10009,14/10/2022,8:00,17:00
10010,14/10/2022,8:00,17:00
10011,14/10/2022,8:00,17:00
10012,14/10/2022,8:00,17:00
10013,14/10/2022,8:00,17:00
10014,14/10/2022,8:00,17:00
10015,14/10/2022,8:00,17:00
10016,14/10/2022,8:00,17:00
10017,14/10/2022,8:05,17:00
10018,14/10/2022,8:00,17:00
10019,14/10/2022,8:00,17:00
10020,14/10/2022,8:00,17:00
10021,14/10/2022,8:00,17:00
10022,14/10/2022,8:00,17:00
10023,14/10/2022,9:00,17:00
10024,14/10/2022,8:00,17:00
10025,14/10/2022,8:00,17:00
10001,17/10/2022,8:00,17:00
10002,17/10/2022,8:00,17:00
10003,17/10/2022,8:00,17:00
10004,17/10/2022,8:00,17:00
10005,17/10/2022,8:00,17:00
10006,17/10/2022,8:00,17:00
10007,17/10/2022,8:00,17:00
10008,17/10/2022,8:00,17:00
10009,17/10/2022,8:00,17:00
10010,17/10/2022,8:00,17:00
10011,17/10/2022,8:00,17:00
10012,17/10/2022,8:00,17:00
10013,17/10/2022,8:00,17:00
10014,17/10/2022,8:00,17:00
10015,17/10/2022,8:00,17:00
10016,17/10/2022,8:00,17:00
10017,17/10/2022,8:00,17:00
10018,17/10/2022,8:00,17:00
10019,17/10/2022,8:00,17:00
10020,17/10/2022,8:00,17:00
10021,17/10/2022,8:00,17:00
10022,17/10/2022,8:00,17:00
10023,17/10/2022,8:00,17:00
10024,17/10/2022,8:00,17:00
10025,17/10/2022,8:00,17:00
10001,18/10/2022,8:00,17:00
10002,18/10/2022,8:00,17:00
10003,18/10/2022,8:00,17:00
10004,18/10/2022,8:00,17:00
10005,18/10/2022,8:00,17:00
10006,18/10/2022,8:00,17:00
10007,18/10/2022,8:00,17:00
10008,18/10/2022,8:00,17:00
10009,18/10/2022,8:00,17:00
10010,18/10/2022,8:00,17:00
10011,18/10/2022,8:00,17:00
10012,18/10/2022,8:00,17:00
10013,18/10/2022,10:00,17:00
10014,18/10/2022,10:00,17:00
10015,18/10/2022,10:00,17:00
10016,18/10/2022,0:00,0:00
10017,18/10/2022,10:00,17:00
10018,18/10/2022,10:00,17:00
10019,18/10/2022,10:00,17:00
10020,18/10/2022,10:00,17:00
10021,18/10/2022,10:00,17:00
10022,18/10/2022,10:00,17:00
10023,18/10/2022,10:00,17:00
10024,18/10/2022,10:00,17:00
10025,18/10/2022,10:00,17:00
10001,19/10/2022,8:00,17:00
10002,19/10/2022,8:00,17:00
10003,19/10/2022,8:00,17:00
10004,19/10/2022,8:00,17:00
10005,19/10/2022,8:00,17:00
10006,19/10/2022,8:00,17:00
10007,19/10/2022,8:00,17:00
10008,19/10/2022,8:00,17:00
10009,19/10/2022,8:00,17:00
10010,19/10/2022,8:00,17:00
10011,19/10/2022,8:00,17:00
10012,19/10/2022,8:00,17:00
10013,19/10/2022,8:00,17:00
10014,19/10/2022,8:00,17:00
10015,19/10/2022,8:00,17:00
10016,19/10/2022,8:00,17:00
10017,19/10/2022,8:00,17:00
10018,19/10/2022,8:00,17:00
10019,19/10/2022,8:00,17:00
10020,19/10/2022,8:00,17:00
10021,19/10/2022,8:00,17:00
10022,19/10/2022,8:00,17:00
10023,19/10/2022,8:00,17:00
10024,19/10/2022,8:00,17:00
10025,19/10/2022,8:00,17:00
10001,20/10/2022,8:00,17:00
10002,20/10/2022,8:00,17:00
10003,20/10/2022,8:00,17:00
10004,20/10/2022,8:00,17:00
10005,20/10/2022,8:00,17:00
10006,20/10/2022,8:00,17:00
10007,20/10/2022,8:27,17:00
10008,20/10/2022,8:01,17:00
10009,20/10/2022,8:05,17:00
10010,20/10/2022,8:00,17:00
10011,20/10/2022,8:00,17:00
10012,20/10/2022,8:00,17:00
10013,20/10/2022,8:00,17:00
10014,20/10/2022,8:00,17:00
10015,20/10/2022,8:00,17:00
10016,20/10/2022,8:28,17:00
10017,20/10/2022,8:00,17:00
10018,20/10/2022,8:00,17:00
10019,20/10/2022,8:00,17:00
10020,20/10/2022,8:00,17:00
10021,20/10/2022,8:11,17:00
10022,20/10/2022,8:00,17:00
10023,20/10/2022,8:00,17:00
10024,20/10/2022,8:21,17:00
10025,20/10/2022,8:00,17:00
10001,21/10/2022,8:00,17:00
10002,21/10/2022,8:00,17:00
10003,21/10/2022,8:00,17:00
10004,21/10/2022,8:00,17:00
10005,21/10/2022,8:00,17:00
10006,21/10/2022,8:00,17:00
10007,21/10/2022,8:00,17:00
10008,21/10/2022,8:00,17:00
10009,21/10/2022,8:00,17:00
10010,21/10/2022,0:00,0:00
10011,21/10/2022,8:00,17:00
10012,21/10/2022,8:00,17:00
10013,21/10/2022,8:00,17:00
10014,21/10/2022,8:00,17:00
10015,21/10/2022,8:00,17:00
10016,21/10/2022,8:00,17:00
10017,21/10/2022,8:00,17:00
10018,21/10/2022,8:00,17:00
10019,21/10/2022,8:00,17:00
10020,21/10/2022,8:00,17:00
10021,21/10/2022,8:00,17:00
10022,21/10/2022,8:00,17:00
10023,21/10/2022,8:00,17:00
10024,21/10/2022,8:00,17:00
10025,21/10/2022,8:00,17:00
10001,24/10/2022,8:00,17:00
10002,24/10/2022,8:00,17:00
10003,24/10/2022,8:00,17:00
10004,24/10/2022,8:00,17:00
10005,24/10/2022,8:15,17:00
10006,24/10/2022,8:00,17:00
10007,24/10/2022,8:00,17:00
10008,24/10/2022,8:00,17:00
10009,24/10/2022,8:00,17:00
10010,24/10/2022,8:00,17:00
10011,24/10/2022,10:30,17:00
10012,24/10/2022,8:00,17:00
10013,24/10/2022,8:00,17:00
10014,24/10/2022,8:00,17:00
10015,24/10/2022,8:00,17:00
10016,24/10/2022,8:00,17:00
10017,24/10/2022,8:00,17:00
10018,24/10/2022,8:00,17:00
10019,24/10/2022,8:00,17:00
10020,24/10/2022,8:00,17:00
10021,24/10/2022,13:00,17:00
10022,24/10/2022,8:00,17:00
10023,24/10/2022,8:00,17:00
10024,24/10/2022,8:00,17:00
10025,24/10/2022,8:00,17:00
10001,25/10/2022,8:00,17:00
10002,25/10/2022,8:00,17:00
10003,25/10/2022,11:30,17:00
10004,25/10/2022,8:00,17:00
10005,25/10/2022,8:00,17:00
10006,25/10/2022,8:00,17:00
10007,25/10/2022,8:00,17:00
10008,25/10/2022,8:10,17:00
10009,25/10/2022,8:00,17:00
10010,25/10/2022,8:00,17:00
10011,25/10/2022,8:00,17:00
10012,25/10/2022,8:00,17:00
10013,25/10/2022,8:00,17:00
10014,25/10/2022,8:00,17:00
10015,25/10/2022,8:00,17:00
10016,25/10/2022,8:00,17:00
10017,25/10/2022,8:05,17:00
10018,25/10/2022,8:00,17:00
10019,25/10/2022,8:00,17:00
10020,25/10/2022,8:00,17:00
10021,25/10/2022,8:00,17:00
10022,25/10/2022,8:00,17:00
10023,25/10/2022,9:00,17:00
10024,25/10/2022,8:00,17:00
10025,25/10/2022,8:00,17:00
10001,26/10/2022,8:00,17:00
10002,26/10/2022,8:00,17:00
10003,26/10/2022,8:00,17:00
10004,26/10/2022,8:00,17:00
10005,26/10/2022,8:00,17:00
10006,26/10/2022,8:00,17:00
10007,26/10/2022,8:00,17:00
10008,26/10/2022,8:00,17:00
10009,26/10/2022,8:00,17:00
10010,26/10/2022,8:00,17:00
10011,26/10/2022,8:00,17:00
10012,26/10/2022,8:00,17:00
10013,26/10/2022,8:00,17:00
10014,26/10/2022,8:00,17:00
10015,26/10/2022,8:00,17:00
10016,26/10/2022,8:00,17:00
10017,26/10/2022,8:00,17:00
10018,26/10/2022,8:00,17:00
10019,26/10/2022,8:00,17:00
10020,26/10/2022,8:00,17:00
10021,26/10/2022,8:00,17:00
10022,26/10/2022,8:00,17:00
10023,26/10/2022,8:00,17:00
10024,26/10/2022,8:00,17:00
10025,26/10/2022,8:00,17:00
10001,27/10/2022,8:00,17:00
10002,27/10/2022,8:00,17:00
10003,27/10/2022,8:00,17:00
10004,27/10/2022,8:00,17:00
10005,27/10/2022,8:00,17:00
10006,27/10/2022,8:00,17:00
10007,27/10/2022,8:00,17:00
10008,27/10/2022,8:00,17:00
10009,27/10/2022,8:00,17:00
10010,27/10/2022,8:00,17:00
10011,27/10/2022,8:00,17:00
10012,27/10/2022,8:00,17:00
10013,27/10/2022,10:00,17:00
10014,27/10/2022,10:00,17:00
10015,27/10/2022,10:00,17:00
10016,27/10/2022,10:00,17:00
10017,27/10/2022,10:00,17:00
10018,27/10/2022,0:00,0:00
10019,27/10/2022,10:00,17:00
10020,27/10/2022,10:00,17:00
10021,27/10/2022,10:00,17:00
10022,27/10/2022,10:00,17:00
10023,27/10/2022,10:00,17:00
10024,27/10/2022,10:00,17:00
10025,27/10/2022,10:00,17:00
10001,28/10/2022,8:00,17:00
10002,28/10/2022,8:00,17:00
10003,28/10/2022,8:00,17:00
10004,28/10/2022,8:00,17:00
10005,28/10/2022,8:00,17:00
10006,28/10/2022,8:00,17:00
10007,28/10/2022,8:00,17:00
10008,28/10/2022,8:00,17:00
10009,28/10/2022,8:00,17:00
10010,28/10/2022,8:00,17:00
10011,28/10/2022,8:00,17:00
10012,28/10/2022,8:00,17:00
10013,28/10/2022,8:00,17:00
10014,28/10/2022,8:00,17:00
10015,28/10/2022,8:00,17:00
10016,28/10/2022,8:00,17:00
10017,28/10/2022,8:00,17:00
10018,28/10/2022,8:00,17:00
10019,28/10/2022,8:00,17:00
10020,28/10/2022,8:00,17:00
10021,28/10/2022,8:00,17:00
10022,28/10/2022,8:00,17:00
10023,28/10/2022,8:00,17:00
10024,28/10/2022,8:00,17:00
10025,28/10/2022,8:00,17:00
10001,31/10/2022,8:00,17:00
10002,31/10/2022,8:00,17:00
10003,31/10/2022,8:00,17:00
10004,31/10/2022,8:00,17:00
10005,31/10/2022,8:00,17:00
10006,31/10/2022,8:00,17:00
10007,31/10/2022,8:27,17:00
10008,31/10/2022,8:01,17:00
10009,31/10/2022,8:05,17:00
10010,31/10/2022,8:00,17:00
10011,31/10/2022,8:00,17:00
10012,31/10/2022,8:00,17:00
10013,31/10/2022,8:00,17:00
10014,31/10/2022,8:00,17:00
10015,31/10/2022,8:00,17:00
10016,31/10/2022,8:28,17:00
10017,31/10/2022,8:00,17:00
10018,31/10/2022,8:00,17:00
10019,31/10/2022,8:00,17:00
10020,31/10/2022,8:00,17:00
10021,31/10/2022,8:11,17:00
10022,31/10/2022,8:00,17:00
10023,31/10/2022,8:00,17:00
10024,31/10/2022,8:21,17:00
10025,31/10/2022,8:00,17:00
10001,01/11/2022,0:00,0:00
10002,01/11/2022,0:00,0:00
10003,01/11/2022,0:00,0:00
10004,01/11/2022,0:00,0:00
10005,01/11/2022,0:00,0:00
10006,01/11/2022,0:00,0:00
10007,01/11/2022,0:00,0:00
10008,01/11/2022,0:00,0:00
10009,01/11/2022,0:00,0:00
10010,01/11/2022,0:00,0:00
10011,01/11/2022,0:00,0:00
10012,01/11/2022,0:00,0:00
10013,01/11/2022,0:00,0:00
10014,01/11/2022,0:00,0:00
10015,01/11/2022,0:00,0:00
10016,01/11/2022,0:00,0:00
10017,01/11/2022,0:00,0:00
10018,01/11/2022,0:00,0:00
10019,01/11/2022,0:00,0:00
10020,01/11/2022,0:00,0:00
10021,01/11/2022,0:00,0:00
10022,01/11/2022,0:00,0:00
10023,01/11/2022,0:00,0:00
10024,01/11/2022,0:00,0:00
10025,01/11/2022,0:00,0:00
10001,02/11/2022,8:00,17:00
10002,02/11/2022,8:00,17:00
10003,02/11/2022,8:00,17:00
10004,02/11/2022,8:00,17:00
10005,02/11/2022,8:15,17:00
10006,02/11/2022,8:00,17:00
10007,02/11/2022,8:00,17:00
10008,02/11/2022,8:00,17:00
10009,02/11/2022,8:00,17:00
10010,02/11/2022,8:00,17:00
10011,02/11/2022,10:30,17:00
10012,02/11/2022,8:00,17:00
10013,02/11/2022,8:00,17:00
10014,02/11/2022,8:00,17:00
10015,02/11/2022,8:00,17:00
10016,02/11/2022,8:00,17:00
10017,02/11/2022,8:00,17:00
10018,02/11/2022,8:00,17:00
10019,02/11/2022,8:00,17:00
10020,02/11/2022,8:00,17:00
10021,02/11/2022,13:00,17:00
10022,02/11/2022,8:00,17:00
10023,02/11/2022,8:00,17:00
10024,02/11/2022,8:00,17:00
10025,02/11/2022,8:00,17:00
10001,03/11/2022,8:00,17:00
10002,03/11/2022,8:00,17:00
10003,03/11/2022,11:30,17:00
10004,03/11/2022,8:00,17:00
10005,03/11/2022,8:00,17:00
10006,03/11/2022,8:00,17:00
10007,03/11/2022,8:00,17:00
10008,03/11/2022,8:10,17:00
10009,03/11/2022,8:00,17:00
10010,03/11/2022,8:00,17:00
10011,03/11/2022,8:00,17:00
10012,03/11/2022,8:00,17:00
10013,03/11/2022,8:00,17:00
10014,03/11/2022,8:00,17:00
10015,03/11/2022,8:00,17:00
10016,03/11/2022,8:00,17:00
10017,03/11/2022,8:05,17:00
10018,03/11/2022,8:00,17:00
10019,03/11/2022,8:00,17:00
10020,03/11/2022,8:00,17:00
10021,03/11/2022,8:00,17:00
10022,03/11/2022,8:00,17:00
10023,03/11/2022,9:00,17:00
10024,03/11/2022,8:00,17:00
10025,03/11/2022,8:00,17:00
10001,04/11/2022,8:00,17:00
10002,04/11/2022,8:00,17:00
10003,04/11/2022,8:00,17:00
10004,04/11/2022,8:00,17:00
10005,04/11/2022,8:00,17:00
10006,04/11/2022,8:00,17:00
10007,04/11/2022,8:00,17:00
10008,04/11/2022,8:00,17:00
10009,04/11/2022,8:00,17:00
10010,04/11/2022,8:00,17:00
10011,04/11/2022,8:00,17:00
10012,04/11/2022,8:00,17:00
10013,04/11/2022,8:00,17:00
10014,04/11/2022,8:00,17:00
10015,04/11/2022,8:00,17:00
10016,04/11/2022,8:00,17:00
10017,04/11/2022,8:00,17:00
10018,04/11/2022,8:00,17:00
10019,04/11/2022,8:00,17:00
10020,04/11/2022,8:00,17:00
10021,04/11/2022,8:00,17:00
10022,04/11/2022,8:00,17:00
10023,04/11/2022,0:00,0:00
10024,04/11/2022,8:00,17:00
10025,04/11/2022,8:00,17:00
10001,07/11/2022,8:00,17:00
10002,07/11/2022,8:00,17:00
10003,07/11/2022,8:00,17:00
10004,07/11/2022,8:00,17:00
10005,07/11/2022,8:00,17:00
10006,07/11/2022,8:00,17:00
10007,07/11/2022,8:00,17:00
10008,07/11/2022,8:00,17:00
10009,07/11/2022,8:00,17:00
10010,07/11/2022,8:00,17:00
10011,07/11/2022,8:00,17:00
10012,07/11/2022,8:00,17:00
10013,07/11/2022,10:00,17:00
10014,07/11/2022,10:00,17:00
10015,07/11/2022,10:00,17:00
10016,07/11/2022,10:00,17:00
10017,07/11/2022,10:00,17:00
10018,07/11/2022,10:00,17:00
10019,07/11/2022,10:00,17:00
10020,07/11/2022,10:00,17:00
10021,07/11/2022,10:00,17:00
10022,07/11/2022,10:00,17:00
10023,07/11/2022,10:00,17:00
10024,07/11/2022,10:00,17:00
10025,07/11/2022,10:00,17:00
10001,08/11/2022,8:00,17:00
10002,08/11/2022,8:00,17:00
10003,08/11/2022,8:00,17:00
10004,08/11/2022,8:00,17:00
10005,08/11/2022,8:00,17:00
10006,08/11/2022,8:00,17:00
10007,08/11/2022,8:00,17:00
10008,08/11/2022,8:00,17:00
10009,08/11/2022,8:00,17:00
10010,08/11/2022,8:00,17:00
10011,08/11/2022,8:00,17:00
10012,08/11/2022,8:00,17:00
10013,08/11/2022,8:00,17:00
10014,08/11/2022,8:00,17:00
10015,08/11/2022,8:00,17:00
10016,08/11/2022,8:00,17:00
10017,08/11/2022,8:00,17:00
10018,08/11/2022,8:00,17:00
10019,08/11/2022,8:00,17:00
10020,08/11/2022,8:00,17:00
10021,08/11/2022,8:00,17:00
10022,08/11/2022,8:00,17:00
10023,08/11/2022,8:00,17:00
10024,08/11/2022,8:00,17:00
10025,08/11/2022,8:00,17:00
10001,09/11/2022,8:00,17:00
10002,09/11/2022,8:00,17:00
10003,09/11/2022,8:00,17:00
10004,09/11/2022,8:00,17:00
10005,09/11/2022,8:00,17:00
10006,09/11/2022,8:00,17:00
10007,09/11/2022,8:27,17:00
10008,09/11/2022,8:01,17:00
10009,09/11/2022,8:05,17:00
10010,09/11/2022,8:00,17:00
10011,09/11/2022,8:00,17:00
10012,09/11/2022,8:00,17:00
10013,09/11/2022,8:00,17:00
10014,09/11/2022,8:00,17:00
10015,09/11/2022,8:00,17:00
10016,09/11/2022,8:28,17:00
10017,09/11/2022,8:00,17:00
10018,09/11/2022,8:00,17:00
10019,09/11/2022,8:00,17:00
10020,09/11/2022,8:00,17:00
10021,09/11/2022,8:11,17:00
10022,09/11/2022,8:00,17:00
10023,09/11/2022,8:00,17:00
10024,09/11/2022,8:21,17:00
10025,09/11/2022,8:00,17:00
10001,10/11/2022,8:00,17:00
10002,10/11/2022,8:00,17:00
10003,10/11/2022,8:00,17:00
10004,10/11/2022,8:00,17:00
10005,10/11/2022,8:00,17:00
10006,10/11/2022,8:00,17:00
10007,10/11/2022,8:00,17:00
10008,10/11/2022,8:00,17:00
10009,10/11/2022,8:00,17:00
10010,10/11/2022,8:00,17:00
10011,10/11/2022,8:00,17:00
10012,10/11/2022,8:00,17:00
10013,10/11/2022,8:00,17:00
10014,10/11/2022,8:00,17:00
10015,10/11/2022,8:00,17:00
10016,10/11/2022,8:00,17:00
10017,10/11/2022,8:00,17:00
10018,10/11/2022,8:00,17:00
10019,10/11/2022,8:00,17:00
10020,10/11/2022,8:00,17:00
10021,10/11/2022,8:00,17:00
10022,10/11/2022,8:00,17:00
10023,10/11/2022,8:00,17:00
10024,10/11/2022,8:00,17:00
10025,10/11/2022,8:00,17:00
10001,11/11/2022,8:00,17:00
10002,11/11/2022,8:00,17:00
10003,11/11/2022,8:00,17:00
10004,11/11/2022,8:00,17:00
10005,11/11/2022,8:15,17:00
10006,11/11/2022,8:00,17:00
10007,11/11/2022,8:00,17:00
10008,11/11/2022,8:00,17:00
10009,11/11/2022,8:00,17:00
10010,11/11/2022,8:00,17:00
10011,11/11/2022,10:30,17:00
10012,11/11/2022,8:00,17:00
10013,11/11/2022,8:00,17:00
10014,11/11/2022,8:00,17:00
10015,11/11/2022,8:00,17:00
10016,11/11/2022,8:00,17:00
10017,11/11/2022,8:00,17:00
10018,11/11/2022,8:00,17:00
10019,11/11/2022,8:00,17:00
10020,11/11/2022,8:00,17:00
10021,11/11/2022,13:00,17:00
10022,11/11/2022,8:00,17:00
10023,11/11/2022,8:00,17:00
10024,11/11/2022,8:00,17:00
10025,11/11/2022,8:00,17:00
10001,14/11/2022,8:00,17:00
10002,14/11/2022,8:00,17:00
10003,14/11/2022,11:30,17:00
10004,14/11/2022,8:00,17:00
10005,14/11/2022,8:00,17:00
10006,14/11/2022,8:00,17:00
10007,14/11/2022,8:00,17:00
10008,14/11/2022,8:10,17:00
10009,14/11/2022,8:00,17:00
10010,14/11/2022,8:00,17:00
10011,14/11/2022,8:00,17:00
10012,14/11/2022,8:00,17:00
10013,14/11/2022,8:00,17:00
10014,14/11/2022,8:00,17:00
10015,14/11/2022,8:00,17:00
10016,14/11/2022,8:00,17:00
10017,14/11/2022,8:05,17:00
10018,14/11/2022,8:00,17:00
10019,14/11/2022,8:00,17:00
10020,14/11/2022,8:00,17:00
10021,14/11/2022,8:00,17:00
10022,14/11/2022,8:00,17:00
10023,14/11/2022,9:00,17:00
10024,14/11/2022,8:00,17:00
10025,14/11/2022,8:00,17:00
10001,15/11/2022,8:00,17:00
10002,15/11/2022,8:00,17:00
10003,15/11/2022,8:00,17:00
10004,15/11/2022,8:00,17:00
10005,15/11/2022,8:00,17:00
10006,15/11/2022,8:00,17:00
10007,15/11/2022,8:00,17:00
10008,15/11/2022,8:00,17:00
10009,15/11/2022,8:00,17:00
10010,15/11/2022,8:00,17:00
10011,15/11/2022,8:00,17:00
10012,15/11/2022,8:00,17:00
10013,15/11/2022,8:00,17:00
10014,15/11/2022,8:00,17:00
10015,15/11/2022,8:00,17:00
10016,15/11/2022,8:00,17:00
10017,15/11/2022,8:00,17:00
10018,15/11/2022,8:00,17:00
10019,15/11/2022,8:00,17:00
10020,15/11/2022,8:00,17:00
10021,15/11/2022,8:00,17:00
10022,15/11/2022,8:00,17:00
10023,15/11/2022,8:00,17:00
10024,15/11/2022,8:00,17:00
10025,15/11/2022,8:00,17:00
10001,16/11/2022,8:00,17:00
10002,16/11/2022,8:00,17:00
10003,16/11/2022,8:00,17:00
10004,16/11/2022,8:00,17:00
10005,16/11/2022,8:00,17:00
10006,16/11/2022,8:00,17:00
10007,16/11/2022,8:00,17:00
10008,16/11/2022,8:00,17:00
10009,16/11/2022,8:00,17:00
10010,16/11/2022,8:00,17:00
10011,16/11/2022,8:00,17:00
10012,16/11/2022,8:00,17:00
10013,16/11/2022,10:00,17:00
10014,16/11/2022,10:00,17:00
10015,16/11/2022,10:00,17:00
10016,16/11/2022,10:00,17:00
10017,16/11/2022,10:00,17:00
10018,16/11/2022,10:00,17:00
10019,16/11/2022,10:00,17:00
10020,16/11/2022,10:00,17:00
10021,16/11/2022,10:00,17:00
10022,16/11/2022,10:00,17:00
10023,16/11/2022,10:00,17:00
10024,16/11/2022,10:00,17:00
10025,16/11/2022,10:00,17:00
10001,17/11/2022,8:00,17:00
10002,17/11/2022,8:00,17:00
10003,17/11/2022,8:00,17:00
10004,17/11/2022,8:00,17:00
10005,17/11/2022,8:00,17:00
10006,17/11/2022,8:00,17:00
10007,17/11/2022,8:00,17:00
10008,17/11/2022,8:00,17:00
10009,17/11/2022,8:00,17:00
10010,17/11/2022,8:00,17:00
10011,17/11/2022,8:00,17:00
10012,17/11/2022,8:00,17:00
10013,17/11/2022,8:00,17:00
10014,17/11/2022,8:00,17:00
10015,17/11/2022,8:00,17:00
10016,17/11/2022,8:00,17:00
10017,17/11/2022,8:00,17:00
10018,17/11/2022,8:00,17:00
10019,17/11/2022,8:00,17:00
10020,17/11/2022,8:00,17:00
10021,17/11/2022,8:00,17:00
10022,17/11/2022,8:00,17:00
10023,17/11/2022,8:00,17:00
10024,17/11/2022,8:00,17:00
10025,17/11/2022,8:00,17:00
10001,18/11/2022,8:00,17:00
10002,18/11/2022,8:00,17:00
10003,18/11/2022,8:00,17:00
10004,18/11/2022,8:00,17:00
10005,18/11/2022,8:00,17:00
10006,18/11/2022,8:00,17:00
10007,18/11/2022,8:27,17:00
10008,18/11/2022,8:01,17:00
10009,18/11/2022,8:05,17:00
10010,18/11/2022,8:00,17:00
10011,18/11/2022,8:00,17:00
10012,18/11/2022,8:00,17:00
10013,18/11/2022,8:00,17:00
10014,18/11/2022,8:00,17:00
10015,18/11/2022,8:00,17:00
10016,18/11/2022,8:28,17:00
10017,18/11/2022,8:00,17:00
10018,18/11/2022,8:00,17:00
10019,18/11/2022,8:00,17:00
10020,18/11/2022,8:00,17:00
10021,18/11/2022,8:11,17:00
10022,18/11/2022,8:00,17:00
10023,18/11/2022,8:00,17:00
10024,18/11/2022,8:21,17:00
10025,18/11/2022,8:00,17:00
10001,21/11/2022,8:00,17:00
10002,21/11/2022,8:00,17:00
10003,21/11/2022,8:00,17:00
10004,21/11/2022,8:00,17:00
10005,21/11/2022,8:00,17:00
10006,21/11/2022,8:00,17:00
10007,21/11/2022,8:00,17:00
10008,21/11/2022,8:00,17:00
10009,21/11/2022,8:00,17:00
10010,21/11/2022,8:00,17:00
10011,21/11/2022,8:00,17:00
10012,21/11/2022,8:00,17:00
10013,21/11/2022,8:00,17:00
10014,21/11/2022,8:00,17:00
10015,21/11/2022,8:00,17:00
10016,21/11/2022,8:00,17:00
10017,21/11/2022,8:00,17:00
10018,21/11/2022,8:00,17:00
10019,21/11/2022,8:00,17:00
10020,21/11/2022,8:00,17:00
10021,21/11/2022,8:00,17:00
10022,21/11/2022,8:00,17:00
10023,21/11/2022,8:00,17:00
10024,21/11/2022,8:00,17:00
10025,21/11/2022,8:00,17:00
10001,22/11/2022,8:00,17:00
10002,22/11/2022,8:00,17:00
10003,22/11/2022,8:00,17:00
10004,22/11/2022,8:00,17:00
10005,22/11/2022,8:15,17:00
10006,22/11/2022,8:00,17:00
10007,22/11/2022,8:00,17:00
10008,22/11/2022,8:00,17:00
10009,22/11/2022,8:00,17:00
10010,22/11/2022,8:00,17:00
10011,22/11/2022,10:30,17:00
10012,22/11/2022,8:00,17:00
10013,22/11/2022,8:00,17:00
10014,22/11/2022,8:00,17:00
10015,22/11/2022,8:00,17:00
10016,22/11/2022,8:00,17:00
10017,22/11/2022,8:00,17:00
10018,22/11/2022,8:00,17:00
10019,22/11/2022,8:00,17:00
10020,22/11/2022,8:00,17:00
10021,22/11/2022,13:00,17:00
10022,22/11/2022,8:00,17:00
10023,22/11/2022,8:00,17:00
10024,22/11/2022,8:00,17:00
10025,22/11/2022,8:00,17:00
10001,23/11/2022,8:00,17:00
10002,23/11/2022,8:00,17:00
10003,23/11/2022,11:30,17:00
10004,23/11/2022,8:00,17:00
10005,23/11/2022,8:00,17:00
10006,23/11/2022,8:00,17:00
10007,23/11/2022,8:00,17:00
10008,23/11/2022,8:10,17:00
10009,23/11/2022,8:00,17:00
10010,23/11/2022,8:00,17:00
10011,23/11/2022,8:00,17:00
10012,23/11/2022,8:00,17:00
10013,23/11/2022,8:00,17:00
10014,23/11/2022,8:00,17:00
10015,23/11/2022,8:00,17:00
10016,23/11/2022,8:00,17:00
10017,23/11/2022,8:05,17:00
10018,23/11/2022,8:00,17:00
10019,23/11/2022,8:00,17:00
10020,23/11/2022,8:00,17:00
10021,23/11/2022,8:00,17:00
10022,23/11/2022,8:00,17:00
10023,23/11/2022,9:00,17:00
10024,23/11/2022,8:00,17:00
10025,23/11/2022,8:00,17:00
10001,24/11/2022,8:00,17:00
10002,24/11/2022,8:00,17:00
10003,24/11/2022,8:00,17:00
10004,24/11/2022,8:00,17:00
10005,24/11/2022,8:00,17:00
10006,24/11/2022,8:00,17:00
10007,24/11/2022,8:00,17:00
10008,24/11/2022,8:00,17:00
10009,24/11/2022,8:00,17:00
10010,24/11/2022,8:00,17:00
10011,24/11/2022,8:00,17:00
10012,24/11/2022,8:00,17:00
10013,24/11/2022,8:00,17:00
10014,24/11/2022,8:00,17:00
10015,24/11/2022,8:00,17:00
10016,24/11/2022,8:00,17:00
10017,24/11/2022,8:00,17:00
10018,24/11/2022,8:00,17:00
10019,24/11/2022,8:00,17:00
10020,24/11/2022,8:00,17:00
10021,24/11/2022,8:00,17:00
10022,24/11/2022,8:00,17:00
10023,24/11/2022,8:00,17:00
10024,24/11/2022,8:00,17:00
10025,24/11/2022,8:00,17:00
10001,25/11/2022,8:00,17:00
10002,25/11/2022,8:00,17:00
10003,25/11/2022,8:00,17:00
10004,25/11/2022,8:00,17:00
10005,25/11/2022,8:00,17:00
10006,25/11/2022,8:00,17:00
10007,25/11/2022,8:00,17:00
10008,25/11/2022,8:00,17:00
10009,25/11/2022,8:00,17:00
10010,25/11/2022,8:00,17:00
10011,25/11/2022,8:00,17:00
10012,25/11/2022,8:00,17:00
10013,25/11/2022,10:00,17:00
10014,25/11/2022,10:00,17:00
10015,25/11/2022,10:00,17:00
10016,25/11/2022,10:00,17:00
10017,25/11/2022,10:00,17:00
10018,25/11/2022,10:00,17:00
10019,25/11/2022,10:00,17:00
10020,25/11/2022,10:00,17:00
10021,25/11/2022,10:00,17:00
10022,25/11/2022,10:00,17:00
10023,25/11/2022,10:00,17:00
10024,25/11/2022,10:00,17:00
10025,25/11/2022,10:00,17:00
10001,28/11/2022,8:00,17:00
10002,28/11/2022,8:00,17:00
10003,28/11/2022,8:00,17:00
10004,28/11/2022,8:00,17:00
10005,28/11/2022,8:00,17:00
10006,28/11/2022,8:00,17:00
10007,28/11/2022,8:00,17:00
10008,28/11/2022,8:00,17:00
10009,28/11/2022,8:00,17:00
10010,28/11/2022,8:00,17:00
10011,28/11/2022,8:00,17:00
10012,28/11/2022,8:00,17:00
10013,28/11/2022,8:00,17:00
10014,28/11/2022,8:00,17:00
10015,28/11/2022,8:00,17:00
10016,28/11/2022,8:00,17:00
10017,28/11/2022,8:00,17:00
10018,28/11/2022,8:00,17:00
10019,28/11/2022,8:00,17:00
10020,28/11/2022,8:00,17:00
10021,28/11/2022,8:00,17:00
10022,28/11/2022,8:00,17:00
10023,28/11/2022,8:00,17:00
10024,28/11/2022,8:00,17:00
10025,28/11/2022,8:00,17:00
10001,29/11/2022,8:00,17:00
10002,29/11/2022,8:00,17:00
10003,29/11/2022,8:00,17:00
10004,29/11/2022,8:00,17:00
10005,29/11/2022,8:00,17:00
10006,29/11/2022,8:00,17:00
10007,29/11/2022,8:27,17:00
10008,29/11/2022,8:01,17:00
10009,29/11/2022,8:05,17:00
10010,29/11/2022,8:00,17:00
10011,29/11/2022,8:00,17:00
10012,29/11/2022,8:00,17:00
10013,29/11/2022,8:00,17:00
10014,29/11/2022,8:00,17:00
10015,29/11/2022,8:00,17:00
10016,29/11/2022,8:28,17:00
10017,29/11/2022,8:00,17:00
10018,29/11/2022,8:00,17:00
10019,29/11/2022,8:00,17:00
10020,29/11/2022,8:00,17:00
10021,29/11/2022,8:11,17:00
10022,29/11/2022,8:00,17:00
10023,29/11/2022,8:00,17:00
10024,29/11/2022,8:21,17:00
10025,29/11/2022,8:00,17:00
10001,30/11/2022,0:00,0:00
10002,30/11/2022,0:00,0:00
10003,30/11/2022,0:00,0:00
10004,30/11/2022,0:00,0:00
10005,30/11/2022,0:00,0:00
10006,30/11/2022,0:00,0:00
10007,30/11/2022,0:00,0:00
10008,30/11/2022,0:00,0:00
10009,30/11/2022,0:00,0:00
10010,30/11/2022,0:00,0:00
10011,30/11/2022,0:00,0:00
10012,30/11/2022,0:00,0:00
10013,30/11/2022,0:00,0:00
10014,30/11/2022,0:00,0:00
10015,30/11/2022,0:00,0:00
10016,30/11/2022,0:00,0:00
10017,30/11/2022,0:00,0:00
10018,30/11/2022,0:00,0:00
10019,30/11/2022,0:00,0:00
10020,30/11/2022,0:00,0:00
10021,30/11/2022,0:00,0:00
10022,30/11/2022,0:00,0:00
10023,30/11/2022,0:00,0:00
10024,30/11/2022,0:00,0:00
10025,30/11/2022,0:00,0:00
10001,01/12/2022,8:00,17:00
10002,01/12/2022,8:00,17:00
10003,01/12/2022,8:00,17:00
10004,01/12/2022,8:00,17:00
10005,01/12/2022,8:15,17:00
10006,01/12/2022,8:00,17:00
10007,01/12/2022,8:00,17:00
10008,01/12/2022,8:00,17:00
10009,01/12/2022,8:00,17:00
10010,01/12/2022,8:00,17:00
10011,01/12/2022,10:30,17:00
10012,01/12/2022,8:00,17:00
10013,01/12/2022,8:00,17:00
10014,01/12/2022,8:00,17:00
10015,01/12/2022,8:00,17:00
10016,01/12/2022,8:00,17:00
10017,01/12/2022,8:00,17:00
10018,01/12/2022,8:00,17:00
10019,01/12/2022,8:00,17:00
10020,01/12/2022,8:00,17:00
10021,01/12/2022,13:00,17:00
10022,01/12/2022,8:00,17:00
10023,01/12/2022,8:00,17:00
10024,01/12/2022,8:00,17:00
10025,01/12/2022,8:00,17:00
10001,02/12/2022,8:00,17:00
10002,02/12/2022,8:00,17:00
10003,02/12/2022,11:30,17:00
10004,02/12/2022,8:00,17:00
10005,02/12/2022,8:00,17:00
10006,02/12/2022,8:00,17:00
10007,02/12/2022,8:00,17:00
10008,02/12/2022,8:10,17:00
10009,02/12/2022,8:00,17:00
10010,02/12/2022,8:00,17:00
10011,02/12/2022,8:00,17:00
10012,02/12/2022,8:00,17:00
10013,02/12/2022,8:00,17:00
10014,02/12/2022,8:00,17:00
10015,02/12/2022,8:00,17:00
10016,02/12/2022,8:00,17:00
10017,02/12/2022,8:05,17:00
10018,02/12/2022,8:00,17:00
10019,02/12/2022,8:00,17:00
10020,02/12/2022,8:00,17:00
10021,02/12/2022,8:00,17:00
10022,02/12/2022,8:00,17:00
10023,02/12/2022,9:00,17:00
10024,02/12/2022,8:00,17:00
10025,02/12/2022,8:00,17:00
10001,05/12/2022,8:00,17:00
10002,05/12/2022,8:00,17:00
10003,05/12/2022,8:00,17:00
10004,05/12/2022,8:00,17:00
10005,05/12/2022,8:00,17:00
10006,05/12/2022,8:00,17:00
10007,05/12/2022,8:00,17:00
10008,05/12/2022,8:00,17:00
10009,05/12/2022,8:00,17:00
10010,05/12/2022,8:00,17:00
10011,05/12/2022,8:00,17:00
10012,05/12/2022,8:00,17:00
10013,05/12/2022,8:00,17:00
10014,05/12/2022,8:00,17:00
10015,05/12/2022,8:00,17:00
10016,05/12/2022,8:00,17:00
10017,05/12/2022,8:00,17:00
10018,05/12/2022,8:00,17:00
10019,05/12/2022,8:00,17:00
10020,05/12/2022,8:00,17:00
10021,05/12/2022,8:00,17:00
10022,05/12/2022,8:00,17:00
10023,05/12/2022,8:00,17:00
10024,05/12/2022,8:00,17:00
10025,05/12/2022,8:00,17:00
10001,06/12/2022,8:00,17:00
10002,06/12/2022,8:00,17:00
10003,06/12/2022,8:00,17:00
10004,06/12/2022,8:00,17:00
10005,06/12/2022,8:00,17:00
10006,06/12/2022,8:00,17:00
10007,06/12/2022,8:00,17:00
10008,06/12/2022,8:00,17:00
10009,06/12/2022,8:00,17:00
10010,06/12/2022,8:00,17:00
10011,06/12/2022,8:00,17:00
10012,06/12/2022,8:00,17:00
10013,06/12/2022,10:00,17:00
10014,06/12/2022,10:00,17:00
10015,06/12/2022,10:00,17:00
10016,06/12/2022,10:00,17:00
10017,06/12/2022,10:00,17:00
10018,06/12/2022,10:00,17:00
10019,06/12/2022,10:00,17:00
10020,06/12/2022,10:00,17:00
10021,06/12/2022,10:00,17:00
10022,06/12/2022,10:00,17:00
10023,06/12/2022,10:00,17:00
10024,06/12/2022,10:00,17:00
10025,06/12/2022,10:00,17:00
10001,07/12/2022,8:00,17:00
10002,07/12/2022,8:00,17:00
10003,07/12/2022,8:00,17:00
10004,07/12/2022,8:00,17:00
10005,07/12/2022,8:00,17:00
10006,07/12/2022,8:00,17:00
10007,07/12/2022,8:00,17:00
10008,07/12/2022,8:00,17:00
10009,07/12/2022,8:00,17:00
10010,07/12/2022,8:00,17:00
10011,07/12/2022,8:00,17:00
10012,07/12/2022,8:00,17:00
10013,07/12/2022,8:00,17:00
10014,07/12/2022,8:00,17:00
10015,07/12/2022,8:00,17:00
10016,07/12/2022,8:00,17:00
10017,07/12/2022,8:00,17:00
10018,07/12/2022,8:00,17:00
10019,07/12/2022,8:00,17:00
10020,07/12/2022,8:00,17:00
10021,07/12/2022,8:00,17:00
10022,07/12/2022,8:00,17:00
10023,07/12/2022,8:00,17:00
10024,07/12/2022,8:00,17:00
10025,07/12/2022,8:00,17:00
10001,08/12/2022,0:00,0:00
10002,08/12/2022,0:00,0:00
10003,08/12/2022,0:00,0:00
10004,08/12/2022,0:00,0:00
10005,08/12/2022,0:00,0:00
10006,08/12/2022,0:00,0:00
10007,08/12/2022,0:00,0:00
10008,08/12/2022,0:00,0:00
10009,08/12/2022,0:00,0:00
10010,08/12/2022,0:00,0:00
10011,08/12/2022,0:00,0:00
10012,08/12/2022,0:00,0:00
10013,08/12/2022,0:00,0:00
10014,08/12/2022,0:00,0:00
10015,08/12/2022,0:00,0:00
10016,08/12/2022,0:00,0:00
10017,08/12/2022,0:00,0:00
10018,08/12/2022,0:00,0:00
10019,08/12/2022,0:00,0:00
10020,08/12/2022,0:00,0:00
10021,08/12/2022,0:00,0:00
10022,08/12/2022,0:00,0:00
10023,08/12/2022,0:00,0:00
10024,08/12/2022,0:00,0:00
10025,08/12/2022,0:00,0:00
10001,09/12/2022,8:00,17:00
10002,09/12/2022,8:00,17:00
10003,09/12/2022,8:00,17:00
10004,09/12/2022,8:00,17:00
10005,09/12/2022,8:00,17:00
10006,09/12/2022,8:00,17:00
10007,09/12/2022,8:00,17:00
10008,09/12/2022,8:00,17:00
10009,09/12/2022,8:00,17:00
10010,09/12/2022,8:00,17:00
10011,09/12/2022,8:00,17:00
10012,09/12/2022,8:00,17:00
10013,09/12/2022,8:00,17:00
10014,09/12/2022,8:00,17:00
10015,09/12/2022,8:00,17:00
10016,09/12/2022,8:00,17:00
10017,09/12/2022,8:00,17:00
10018,09/12/2022,8:00,17:00
10019,09/12/2022,8:00,17:00
10020,09/12/2022,8:00,17:00
10021,09/12/2022,8:00,17:00
10022,09/12/2022,8:00,17:00
10023,09/12/2022,8:00,17:00
10024,09/12/2022,8:00,17:00
10025,09/12/2022,8:00,17:00
10001,12/12/2022,8:00,17:00
10002,12/12/2022,8:00,17:00
10003,12/12/2022,8:00,17:00
10004,12/12/2022,8:00,17:00
10005,12/12/2022,8:15,17:00
10006,12/12/2022,8:00,17:00
10007,12/12/2022,8:00,17:00
10008,12/12/2022,8:00,17:00
10009,12/12/2022,8:00,17:00
10010,12/12/2022,8:00,17:00
10011,12/12/2022,10:30,17:00
10012,12/12/2022,8:00,17:00
10013,12/12/2022,8:00,17:00
10014,12/12/2022,8:00,17:00
10015,12/12/2022,8:00,17:00
10016,12/12/2022,8:00,17:00
10017,12/12/2022,8:00,17:00
10018,12/12/2022,8:00,17:00
10019,12/12/2022,8:00,17:00
10020,12/12/2022,8:00,17:00
10021,12/12/2022,13:00,17:00
10022,12/12/2022,8:00,17:00
10023,12/12/2022,8:00,17:00
10024,12/12/2022,8:00,17:00
10025,12/12/2022,8:00,17:00
10001,13/12/2022,8:00,17:00
10002,13/12/2022,8:00,17:00
10003,13/12/2022,11:30,17:00
10004,13/12/2022,8:00,17:00
10005,13/12/2022,8:00,17:00
10006,13/12/2022,8:00,17:00
10007,13/12/2022,8:00,17:00
10008,13/12/2022,8:10,17:00
10009,13/12/2022,8:00,17:00
10010,13/12/2022,8:00,17:00
10011,13/12/2022,8:00,17:00
10012,13/12/2022,8:00,17:00
10013,13/12/2022,8:00,17:00
10014,13/12/2022,8:00,17:00
10015,13/12/2022,8:00,17:00
10016,13/12/2022,8:00,17:00
10017,13/12/2022,8:05,17:00
10018,13/12/2022,8:00,17:00
10019,13/12/2022,8:00,17:00
10020,13/12/2022,8:00,17:00
10021,13/12/2022,8:00,17:00
10022,13/12/2022,8:00,17:00
10023,13/12/2022,9:00,17:00
10024,13/12/2022,8:00,17:00
10025,13/12/2022,8:00,17:00
10001,14/12/2022,8:00,17:00
10002,14/12/2022,8:00,17:00
10003,14/12/2022,8:00,17:00
10004,14/12/2022,8:00,17:00
10005,14/12/2022,8:00,17:00
10006,14/12/2022,8:00,17:00
10007,14/12/2022,8:00,17:00
10008,14/12/2022,8:00,17:00
10009,14/12/2022,8:00,17:00
10010,14/12/2022,8:00,17:00
10011,14/12/2022,8:00,17:00
10012,14/12/2022,8:00,17:00
10013,14/12/2022,8:00,17:00
10014,14/12/2022,8:00,17:00
10015,14/12/2022,8:00,17:00
10016,14/12/2022,8:00,17:00
10017,14/12/2022,8:00,17:00
10018,14/12/2022,8:00,17:00
10019,14/12/2022,8:00,17:00
10020,14/12/2022,8:00,17:00
10021,14/12/2022,8:00,17:00
10022,14/12/2022,8:00,17:00
10023,14/12/2022,8:00,17:00
10024,14/12/2022,8:00,17:00
10025,14/12/2022,8:00,17:00
10001,15/12/2022,8:00,17:00
10002,15/12/2022,0:00,0:00
10003,15/12/2022,0:00,0:00
10004,15/12/2022,0:00,0:00
10005,15/12/2022,0:00,0:00
10006,15/12/2022,0:00,0:00
10007,15/12/2022,8:00,17:00
10008,15/12/2022,8:00,17:00
10009,15/12/2022,8:00,17:00
10010,15/12/2022,8:00,17:00
10011,15/12/2022,8:00,17:00
10012,15/12/2022,8:00,17:00
10013,15/12/2022,10:00,17:00
10014,15/12/2022,10:00,17:00
10015,15/12/2022,10:00,17:00
10016,15/12/2022,10:00,17:00
10017,15/12/2022,10:00,17:00
10018,15/12/2022,10:00,17:00
10019,15/12/2022,10:00,17:00
10020,15/12/2022,10:00,17:00
10021,15/12/2022,10:00,17:00
10022,15/12/2022,10:00,17:00
10023,15/12/2022,10:00,17:00
10024,15/12/2022,10:00,17:00
10025,15/12/2022,10:00,17:00
10001,16/12/2022,8:00,17:00
10002,16/12/2022,0:00,0:00
10003,16/12/2022,0:00,0:00
10004,16/12/2022,0:00,0:00
10005,16/12/2022,0:00,0:00
10006,16/12/2022,0:00,0:00
10007,16/12/2022,8:00,17:00
10008,16/12/2022,8:00,17:00
10009,16/12/2022,8:00,17:00
10010,16/12/2022,8:00,17:00
10011,16/12/2022,8:00,17:00
10012,16/12/2022,8:00,17:00
10013,16/12/2022,8:00,17:00
10014,16/12/2022,8:00,17:00
10015,16/12/2022,8:00,17:00
10016,16/12/2022,8:00,17:00
10017,16/12/2022,8:00,17:00
10018,16/12/2022,8:00,17:00
10019,16/12/2022,8:00,17:00
10020,16/12/2022,8:00,17:00
10021,16/12/2022,8:00,17:00
10022,16/12/2022,8:00,17:00
10023,16/12/2022,8:00,17:00
10024,16/12/2022,8:00,17:00
10025,16/12/2022,8:00,17:00
10001,19/12/2022,8:00,17:00
10002,19/12/2022,0:00,0:00
10003,19/12/2022,0:00,0:00
10004,19/12/2022,0:00,0:00
10005,19/12/2022,0:00,0:00
10006,19/12/2022,0:00,0:00
10007,19/12/2022,8:27,17:00
10008,19/12/2022,8:01,17:00
10009,19/12/2022,8:05,17:00
10010,19/12/2022,8:00,17:00
10011,19/12/2022,8:00,17:00
10012,19/12/2022,8:00,17:00
10013,19/12/2022,8:00,17:00
10014,19/12/2022,8:00,17:00
10015,19/12/2022,8:00,17:00
10016,19/12/2022,8:28,17:00
10017,19/12/2022,8:00,17:00
10018,19/12/2022,8:00,17:00
10019,19/12/2022,8:00,17:00
10020,19/12/2022,8:00,17:00
10021,19/12/2022,8:11,17:00
10022,19/12/2022,8:00,17:00
10023,19/12/2022,8:00,17:00
10024,19/12/2022,8:21,17:00
10025,19/12/2022,8:00,17:00
10001,20/12/2022,8:00,17:00
10002,20/12/2022,0:00,0:00
10003,20/12/2022,0:00,0:00
10004,20/12/2022,0:00,0:00
10005,20/12/2022,0:00,0:00
10006,20/12/2022,0:00,0:00
10007,20/12/2022,8:00,17:00
10008,20/12/2022,8:00,17:00
10009,20/12/2022,8:00,17:00
10010,20/12/2022,8:00,17:00
10011,20/12/2022,8:00,17:00
10012,20/12/2022,8:00,17:00
10013,20/12/2022,8:00,17:00
10014,20/12/2022,8:00,17:00
10015,20/12/2022,8:00,17:00
10016,20/12/2022,8:00,17:00
10017,20/12/2022,8:00,17:00
10018,20/12/2022,8:00,17:00
10019,20/12/2022,8:00,17:00
10020,20/12/2022,8:00,17:00
10021,20/12/2022,8:00,17:00
10022,20/12/2022,8:00,17:00
10023,20/12/2022,8:00,17:00
10024,20/12/2022,8:00,17:00
10025,20/12/2022,8:00,17:00
10001,21/12/2022,8:00,17:00
10002,21/12/2022,0:00,0:00
10003,21/12/2022,0:00,0:00
10004,21/12/2022,0:00,0:00
10005,21/12/2022,0:00,0:00
10006,21/12/2022,0:00,0:00
10007,21/12/2022,8:00,17:00
10008,21/12/2022,8:00,17:00
10009,21/12/2022,8:00,17:00
10010,21/12/2022,8:00,17:00
10011,21/12/2022,10:30,17:00
10012,21/12/2022,8:00,17:00
10013,21/12/2022,8:00,17:00
10014,21/12/2022,8:00,17:00
10015,21/12/2022,8:00,17:00
10016,21/12/2022,8:00,17:00
10017,21/12/2022,8:00,17:00
10018,21/12/2022,8:00,17:00
10019,21/12/2022,8:00,17:00
10020,21/12/2022,8:00,17:00
10021,21/12/2022,13:00,17:00
10022,21/12/2022,8:00,17:00
10023,21/12/2022,8:00,17:00
10024,21/12/2022,8:00,17:00
10025,21/12/2022,8:00,17:00
10001,22/12/2022,8:00,17:00
10002,22/12/2022,0:00,0:00
10003,22/12/2022,0:00,0:00
10004,22/12/2022,0:00,0:00
10005,22/12/2022,0:00,0:00
10006,22/12/2022,0:00,0:00
10007,22/12/2022,8:00,17:00
10008,22/12/2022,8:10,17:00
10009,22/12/2022,8:00,17:00
10010,22/12/2022,8:00,17:00
10011,22/12/2022,8:00,17:00
10012,22/12/2022,8:00,17:00
10013,22/12/2022,8:00,17:00
10014,22/12/2022,8:00,17:00
10015,22/12/2022,8:00,17:00
10016,22/12/2022,8:00,17:00
10017,22/12/2022,8:05,17:00
10018,22/12/2022,8:00,17:00
10019,22/12/2022,8:00,17:00
10020,22/12/2022,8:00,17:00
10021,22/12/2022,8:00,17:00
10022,22/12/2022,8:00,17:00
10023,22/12/2022,9:00,17:00
10024,22/12/2022,8:00,17:00
10025,22/12/2022,8:00,17:00
10001,23/12/2022,8:00,17:00
10002,23/12/2022,0:00,0:00
10003,23/12/2022,0:00,0:00
10004,23/12/2022,0:00,0:00
10005,23/12/2022,0:00,0:00
10006,23/12/2022,0:00,0:00
10007,23/12/2022,8:00,17:00
10008,23/12/2022,8:00,17:00
10009,23/12/2022,8:00,17:00
10010,23/12/2022,8:00,17:00
10011,23/12/2022,8:00,17:00
10012,23/12/2022,8:00,17:00
10013,23/12/2022,8:00,17:00
10014,23/12/2022,8:00,17:00
10015,23/12/2022,8:00,17:00
10016,23/12/2022,8:00,17:00
10017,23/12/2022,8:00,17:00
10018,23/12/2022,8:00,17:00
10019,23/12/2022,8:00,17:00
10020,23/12/2022,8:00,17:00
10021,23/12/2022,8:00,17:00
10022,23/12/2022,8:00,17:00
10023,23/12/2022,8:00,17:00
10024,23/12/2022,8:00,17:00
10025,23/12/2022,8:00,17:00
10001,26/12/2022,8:00,17:00
10002,26/12/2022,0:00,0:00
10003,26/12/2022,0:00,0:00
10004,26/12/2022,0:00,0:00
10005,26/12/2022,0:00,0:00
10006,26/12/2022,0:00,0:00
10007,26/12/2022,8:00,17:00
10008,26/12/2022,8:00,17:00
10009,26/12/2022,8:00,17:00
10010,26/12/2022,8:00,17:00
10011,26/12/2022,8:00,17:00
10012,26/12/2022,8:00,17:00
10013,26/12/2022,10:00,17:00
10014,26/12/2022,10:00,17:00
10015,26/12/2022,10:00,17:00
10016,26/12/2022,10:00,17:00
10017,26/12/2022,10:00,17:00
10018,26/12/2022,10:00,17:00
10019,26/12/2022,10:00,17:00
10020,26/12/2022,10:00,17:00
10021,26/12/2022,10:00,17:00
10022,26/12/2022,10:00,17:00
10023,26/12/2022,10:00,17:00
10024,26/12/2022,10:00,17:00
10025,26/12/2022,10:00,17:00
10001,27/12/2022,8:00,17:00
10002,27/12/2022,0:00,0:00
10003,27/12/2022,0:00,0:00
10004,27/12/2022,0:00,0:00
10005,27/12/2022,0:00,0:00
10006,27/12/2022,0:00,0:00
10007,27/12/2022,8:00,17:00
10008,27/12/2022,8:00,17:00
10009,27/12/2022,8:00,17:00
10010,27/12/2022,8:00,17:00
10011,27/12/2022,8:00,17:00
10012,27/12/2022,8:00,17:00
10013,27/12/2022,8:00,17:00
10014,27/12/2022,8:00,17:00
10015,27/12/2022,8:00,17:00
10016,27/12/2022,8:00,17:00
10017,27/12/2022,8:00,17:00
10018,27/12/2022,8:00,17:00
10019,27/12/2022,8:00,17:00
10020,27/12/2022,8:00,17:00
10021,27/12/2022,8:00,17:00
10022,27/12/2022,8:00,17:00
10023,27/12/2022,8:00,17:00
10024,27/12/2022,8:00,17:00
10025,27/12/2022,8:00,17:00
10001,28/12/2022,8:00,17:00
10002,28/12/2022,0:00,0:00
10003,28/12/2022,0:00,0:00
10004,28/12/2022,0:00,0:00
10005,28/12/2022,0:00,0:00
10006,28/12/2022,0:00,0:00
10007,28/12/2022,8:27,17:00
10008,28/12/2022,8:01,17:00
10009,28/12/2022,8:05,17:00
10010,28/12/2022,8:00,17:00
10011,28/12/2022,8:00,17:00
10012,28/12/2022,8:00,17:00
10013,28/12/2022,8:00,17:00
10014,28/12/2022,8:00,17:00
10015,28/12/2022,8:00,17:00
10016,28/12/2022,8:28,17:00
10017,28/12/2022,8:00,17:00
10018,28/12/2022,8:00,17:00
10019,28/12/2022,8:00,17:00
10020,28/12/2022,8:00,17:00
10021,28/12/2022,8:11,17:00
10022,28/12/2022,8:00,17:00
10023,28/12/2022,8:00,17:00
10024,28/12/2022,8:21,17:00
10025,28/12/2022,8:00,17:00
10001,29/12/2022,8:00,17:00
10002,29/12/2022,0:00,0:00
10003,29/12/2022,0:00,0:00
10004,29/12/2022,0:00,0:00
10005,29/12/2022,0:00,0:00
10006,29/12/2022,0:00,0:00
10007,29/12/2022,8:00,17:00
10008,29/12/2022,8:00,17:00
10009,29/12/2022,8:00,17:00
10010,29/12/2022,8:00,17:00
10011,29/12/2022,8:00,17:00
10012,29/12/2022,8:00,17:00
10013,29/12/2022,8:00,17:00
10014,29/12/2022,8:00,17:00
10015,29/12/2022,8:00,17:00
10016,29/12/2022,8:00,17:00
10017,29/12/2022,8:00,17:00
10018,29/12/2022,8:00,17:00
10019,29/12/2022,8:00,17:00
10020,29/12/2022,8:00,17:00
10021,29/12/2022,8:00,17:00
10022,29/12/2022,8:00,17:00
10023,29/12/2022,8:00,17:00
10024,29/12/2022,8:00,17:00
10025,29/12/2022,8:00,17:00
10001,30/12/2022,0:00,0:00
10002,30/12/2022,0:00,0:00
10003,30/12/2022,0:00,0:00
10004,30/12/2022,0:00,0:00
10005,30/12/2022,0:00,0:00
10006,30/12/2022,0:00,0:00
10007,30/12/2022,0:00,0:00
10008,30/12/2022,0:00,0:00
10009,30/12/2022,0:00,0:00
10010,30/12/2022,0:00,0:00
10011,30/12/2022,0:00,0:00
10012,30/12/2022,0:00,0:00
10013,30/12/2022,0:00,0:00
10014,30/12/2022,0:00,0:00
10015,30/12/2022,0:00,0:00
10016,30/12/2022,0:00,0:00
10017,30/12/2022,0:00,0:00
10018,30/12/2022,0:00,0:00
10019,30/12/2022,0:00,0:00
10020,30/12/2022,0:00,0:00
10021,30/12/2022,0:00,0:00
10022,30/12/2022,0:00,0:00
10023,30/12/2022,0:00,0:00
10024,30/12/2022,0:00,0:00
10025,30/12/2022,0:00,0:00
